{
  "rollWidget": {
    "origin": "BOTTOM",
    "offset": {
      "f_82470_": 94.666565,
      "f_82471_": -10.664023
    }
  }
}